<application>
  <component name="ProjectManager">
    <defaultProject>
      <component name="ProjectViewState">
        <option name="hideEmptyMiddlePackages" value="true" />
        <option name="showExcludedFiles" value="false" />
        <option name="showLibraryContents" value="true" />
      </component>
      <component name="PropertiesComponent">{
  &quot;keyToString&quot;: {
    &quot;settings.editor.selected.configurable&quot;: &quot;AndroidSdkUpdater&quot;
  }
}</component>
      <component name="WindowStateProjectService">
        <state x="457" y="91" key="SettingsEditor" timestamp="1698107684353">
          <screen x="0" y="0" width="1920" height="1043" />
        </state>
        <state x="457" y="91" key="SettingsEditor/0.0.1920.1043" timestamp="1698107684353" />
      </component>
    </defaultProject>
  </component>
</application>